index,feature_name,feature_group
0,HSV_ch0_hist_bin0,Color
1,HSV_ch0_hist_bin1,Color
2,HSV_ch0_hist_bin2,Color
3,HSV_ch0_hist_bin3,Color
4,HSV_ch0_hist_bin4,Color
5,HSV_ch0_hist_bin5,Color
6,HSV_ch0_hist_bin6,Color
7,HSV_ch0_hist_bin7,Color
8,HSV_ch0_hist_bin8,Color
9,HSV_ch0_hist_bin9,Color
10,HSV_ch0_hist_bin10,Color
11,HSV_ch0_hist_bin11,Color
12,HSV_ch0_hist_bin12,Color
13,HSV_ch0_hist_bin13,Color
14,HSV_ch0_hist_bin14,Color
15,HSV_ch0_hist_bin15,Color
16,HSV_ch0_hist_bin16,Color
17,HSV_ch0_hist_bin17,Color
18,HSV_ch0_hist_bin18,Color
19,HSV_ch0_hist_bin19,Color
20,HSV_ch0_hist_bin20,Color
21,HSV_ch0_hist_bin21,Color
22,HSV_ch0_hist_bin22,Color
23,HSV_ch0_hist_bin23,Color
24,HSV_ch0_hist_bin24,Color
25,HSV_ch0_hist_bin25,Color
26,HSV_ch0_hist_bin26,Color
27,HSV_ch0_hist_bin27,Color
28,HSV_ch0_hist_bin28,Color
29,HSV_ch0_hist_bin29,Color
30,HSV_ch0_hist_bin30,Color
31,HSV_ch0_hist_bin31,Color
32,HSV_ch1_hist_bin0,Color
33,HSV_ch1_hist_bin1,Color
34,HSV_ch1_hist_bin2,Color
35,HSV_ch1_hist_bin3,Color
36,HSV_ch1_hist_bin4,Color
37,HSV_ch1_hist_bin5,Color
38,HSV_ch1_hist_bin6,Color
39,HSV_ch1_hist_bin7,Color
40,HSV_ch1_hist_bin8,Color
41,HSV_ch1_hist_bin9,Color
42,HSV_ch1_hist_bin10,Color
43,HSV_ch1_hist_bin11,Color
44,HSV_ch1_hist_bin12,Color
45,HSV_ch1_hist_bin13,Color
46,HSV_ch1_hist_bin14,Color
47,HSV_ch1_hist_bin15,Color
48,HSV_ch1_hist_bin16,Color
49,HSV_ch1_hist_bin17,Color
50,HSV_ch1_hist_bin18,Color
51,HSV_ch1_hist_bin19,Color
52,HSV_ch1_hist_bin20,Color
53,HSV_ch1_hist_bin21,Color
54,HSV_ch1_hist_bin22,Color
55,HSV_ch1_hist_bin23,Color
56,HSV_ch1_hist_bin24,Color
57,HSV_ch1_hist_bin25,Color
58,HSV_ch1_hist_bin26,Color
59,HSV_ch1_hist_bin27,Color
60,HSV_ch1_hist_bin28,Color
61,HSV_ch1_hist_bin29,Color
62,HSV_ch1_hist_bin30,Color
63,HSV_ch1_hist_bin31,Color
64,HSV_ch2_hist_bin0,Color
65,HSV_ch2_hist_bin1,Color
66,HSV_ch2_hist_bin2,Color
67,HSV_ch2_hist_bin3,Color
68,HSV_ch2_hist_bin4,Color
69,HSV_ch2_hist_bin5,Color
70,HSV_ch2_hist_bin6,Color
71,HSV_ch2_hist_bin7,Color
72,HSV_ch2_hist_bin8,Color
73,HSV_ch2_hist_bin9,Color
74,HSV_ch2_hist_bin10,Color
75,HSV_ch2_hist_bin11,Color
76,HSV_ch2_hist_bin12,Color
77,HSV_ch2_hist_bin13,Color
78,HSV_ch2_hist_bin14,Color
79,HSV_ch2_hist_bin15,Color
80,HSV_ch2_hist_bin16,Color
81,HSV_ch2_hist_bin17,Color
82,HSV_ch2_hist_bin18,Color
83,HSV_ch2_hist_bin19,Color
84,HSV_ch2_hist_bin20,Color
85,HSV_ch2_hist_bin21,Color
86,HSV_ch2_hist_bin22,Color
87,HSV_ch2_hist_bin23,Color
88,HSV_ch2_hist_bin24,Color
89,HSV_ch2_hist_bin25,Color
90,HSV_ch2_hist_bin26,Color
91,HSV_ch2_hist_bin27,Color
92,HSV_ch2_hist_bin28,Color
93,HSV_ch2_hist_bin29,Color
94,HSV_ch2_hist_bin30,Color
95,HSV_ch2_hist_bin31,Color
96,Lab_ch0_hist_bin0,Color
97,Lab_ch0_hist_bin1,Color
98,Lab_ch0_hist_bin2,Color
99,Lab_ch0_hist_bin3,Color
100,Lab_ch0_hist_bin4,Color
101,Lab_ch0_hist_bin5,Color
102,Lab_ch0_hist_bin6,Color
103,Lab_ch0_hist_bin7,Color
104,Lab_ch0_hist_bin8,Color
105,Lab_ch0_hist_bin9,Color
106,Lab_ch0_hist_bin10,Color
107,Lab_ch0_hist_bin11,Color
108,Lab_ch0_hist_bin12,Color
109,Lab_ch0_hist_bin13,Color
110,Lab_ch0_hist_bin14,Color
111,Lab_ch0_hist_bin15,Color
112,Lab_ch0_hist_bin16,Color
113,Lab_ch0_hist_bin17,Color
114,Lab_ch0_hist_bin18,Color
115,Lab_ch0_hist_bin19,Color
116,Lab_ch0_hist_bin20,Color
117,Lab_ch0_hist_bin21,Color
118,Lab_ch0_hist_bin22,Color
119,Lab_ch0_hist_bin23,Color
120,Lab_ch0_hist_bin24,Color
121,Lab_ch0_hist_bin25,Color
122,Lab_ch0_hist_bin26,Color
123,Lab_ch0_hist_bin27,Color
124,Lab_ch0_hist_bin28,Color
125,Lab_ch0_hist_bin29,Color
126,Lab_ch0_hist_bin30,Color
127,Lab_ch0_hist_bin31,Color
128,Lab_ch1_hist_bin0,Color
129,Lab_ch1_hist_bin1,Color
130,Lab_ch1_hist_bin2,Color
131,Lab_ch1_hist_bin3,Color
132,Lab_ch1_hist_bin4,Color
133,Lab_ch1_hist_bin5,Color
134,Lab_ch1_hist_bin6,Color
135,Lab_ch1_hist_bin7,Color
136,Lab_ch1_hist_bin8,Color
137,Lab_ch1_hist_bin9,Color
138,Lab_ch1_hist_bin10,Color
139,Lab_ch1_hist_bin11,Color
140,Lab_ch1_hist_bin12,Color
141,Lab_ch1_hist_bin13,Color
142,Lab_ch1_hist_bin14,Color
143,Lab_ch1_hist_bin15,Color
144,Lab_ch1_hist_bin16,Color
145,Lab_ch1_hist_bin17,Color
146,Lab_ch1_hist_bin18,Color
147,Lab_ch1_hist_bin19,Color
148,Lab_ch1_hist_bin20,Color
149,Lab_ch1_hist_bin21,Color
150,Lab_ch1_hist_bin22,Color
151,Lab_ch1_hist_bin23,Color
152,Lab_ch1_hist_bin24,Color
153,Lab_ch1_hist_bin25,Color
154,Lab_ch1_hist_bin26,Color
155,Lab_ch1_hist_bin27,Color
156,Lab_ch1_hist_bin28,Color
157,Lab_ch1_hist_bin29,Color
158,Lab_ch1_hist_bin30,Color
159,Lab_ch1_hist_bin31,Color
160,Lab_ch2_hist_bin0,Color
161,Lab_ch2_hist_bin1,Color
162,Lab_ch2_hist_bin2,Color
163,Lab_ch2_hist_bin3,Color
164,Lab_ch2_hist_bin4,Color
165,Lab_ch2_hist_bin5,Color
166,Lab_ch2_hist_bin6,Color
167,Lab_ch2_hist_bin7,Color
168,Lab_ch2_hist_bin8,Color
169,Lab_ch2_hist_bin9,Color
170,Lab_ch2_hist_bin10,Color
171,Lab_ch2_hist_bin11,Color
172,Lab_ch2_hist_bin12,Color
173,Lab_ch2_hist_bin13,Color
174,Lab_ch2_hist_bin14,Color
175,Lab_ch2_hist_bin15,Color
176,Lab_ch2_hist_bin16,Color
177,Lab_ch2_hist_bin17,Color
178,Lab_ch2_hist_bin18,Color
179,Lab_ch2_hist_bin19,Color
180,Lab_ch2_hist_bin20,Color
181,Lab_ch2_hist_bin21,Color
182,Lab_ch2_hist_bin22,Color
183,Lab_ch2_hist_bin23,Color
184,Lab_ch2_hist_bin24,Color
185,Lab_ch2_hist_bin25,Color
186,Lab_ch2_hist_bin26,Color
187,Lab_ch2_hist_bin27,Color
188,Lab_ch2_hist_bin28,Color
189,Lab_ch2_hist_bin29,Color
190,Lab_ch2_hist_bin30,Color
191,Lab_ch2_hist_bin31,Color
192,LBP_feat_0,LBP
193,LBP_feat_1,LBP
194,LBP_feat_2,LBP
195,LBP_feat_3,LBP
196,LBP_feat_4,LBP
197,LBP_feat_5,LBP
198,LBP_feat_6,LBP
199,LBP_feat_7,LBP
200,LBP_feat_8,LBP
201,LBP_feat_9,LBP
202,LBP_feat_10,LBP
203,LBP_feat_11,LBP
204,LBP_feat_12,LBP
205,LBP_feat_13,LBP
206,LBP_feat_14,LBP
207,LBP_feat_15,LBP
208,LBP_feat_16,LBP
209,LBP_feat_17,LBP
210,LBP_feat_18,LBP
211,LBP_feat_19,LBP
212,LBP_feat_20,LBP
213,LBP_feat_21,LBP
214,LBP_feat_22,LBP
215,LBP_feat_23,LBP
216,LBP_feat_24,LBP
217,LBP_feat_25,LBP
218,LBP_feat_26,LBP
219,LBP_feat_27,LBP
220,LBP_feat_28,LBP
221,LBP_feat_29,LBP
222,LBP_feat_30,LBP
223,LBP_feat_31,LBP
224,LBP_feat_32,LBP
225,LBP_feat_33,LBP
226,LBP_feat_34,LBP
227,LBP_feat_35,LBP
228,LBP_feat_36,LBP
229,LBP_feat_37,LBP
230,LBP_feat_38,LBP
231,LBP_feat_39,LBP
232,LBP_feat_40,LBP
233,LBP_feat_41,LBP
234,LBP_feat_42,LBP
235,LBP_feat_43,LBP
236,LBP_feat_44,LBP
237,LBP_feat_45,LBP
238,LBP_feat_46,LBP
239,LBP_feat_47,LBP
240,LBP_feat_48,LBP
241,LBP_feat_49,LBP
242,LBP_feat_50,LBP
243,LBP_feat_51,LBP
244,LBP_feat_52,LBP
245,LBP_feat_53,LBP
246,LBP_feat_54,LBP
247,LBP_feat_55,LBP
248,LBP_feat_56,LBP
249,LBP_feat_57,LBP
250,LBP_feat_58,LBP
251,LBP_feat_59,LBP
252,LBP_feat_60,LBP
253,LBP_feat_61,LBP
254,LBP_feat_62,LBP
255,LBP_feat_63,LBP
256,LBP_feat_64,LBP
257,LBP_feat_65,LBP
258,LBP_feat_66,LBP
259,LBP_feat_67,LBP
260,LBP_feat_68,LBP
261,LBP_feat_69,LBP
262,area_ratio,Shape
263,rect_ratio,Shape
264,solidity,Shape
265,eccentricity,Shape
266,extent,Shape
267,hu1,Shape
268,hu2,Shape
269,hu3,Shape
270,hu4,Shape
271,hu5,Shape
272,hu6,Shape
273,hu7,Shape
274,lesion_ratio,Lesion
275,lesion_count,Lesion
276,lesion_big_count,Lesion
277,lesion_small_count,Lesion
278,lesion_edge_ratio,Lesion
279,lesion_inner_ratio,Lesion
280,lesion_lbp_bin0,Lesion
281,lesion_lbp_bin1,Lesion
282,lesion_lbp_bin2,Lesion
283,lesion_lbp_bin3,Lesion
284,lesion_lbp_bin4,Lesion
285,lesion_lbp_bin5,Lesion
286,lesion_lbp_bin6,Lesion
287,lesion_lbp_bin7,Lesion
288,lesion_lbp_bin8,Lesion
289,lesion_lbp_bin9,Lesion
290,lesion_lbp_bin10,Lesion
291,lesion_lbp_bin11,Lesion
292,lesion_lbp_bin12,Lesion
293,lesion_lbp_bin13,Lesion
294,lesion_lbp_bin14,Lesion
295,lesion_lbp_bin15,Lesion
